<?xml version="1.0" encoding="UTF-8"?>
<addon id="repository.sanctuary" name="Sanctuary Repo" version="1.0.0" provider-name="communal">
    <broken>Support dropped</broken>
    <requires>
        <import addon="xbmc.addon" version="12.0.0"/>
    </requires>
    <extension point="xbmc.addon.repository" name="Sanctuary Repo">
        <info compressed="false"></info>
        <checksum></checksum>
        <datadir zip="true"></datadir>
        <hashes>false</hashes>
    </extension>
    <extension point="xbmc.addon.metadata">
        <summary>communal addon repo</summary>
        <description>Sanctuary Repo</description>
        <platform>all</platform>
    </extension>
</addon>